Type,Value,Source URL,Domain,Keyword
Phone,+918920068400,https://www.manufacturersuppliers.in/delhi/plastic-dropper-bottles.html,www.manufacturersuppliers.in,Dropper Bottles in Delhi
Phone,+919121614481,https://www.essentialoilbottle.in/essential-oil-bottle.html,www.essentialoilbottle.in,Dropper Bottles in Delhi
Phone,+91 91263 57048,https://www.essentialoilbottle.in/essential-oil-bottle.html,www.essentialoilbottle.in,Dropper Bottles in Delhi
Phone,+918048602555,https://www.essentialoilbottle.in/essential-oil-bottle.html,www.essentialoilbottle.in,Dropper Bottles in Delhi
Phone,+91 91286 79746,https://www.essentialoilbottle.in/essential-oil-bottle.html,www.essentialoilbottle.in,Dropper Bottles in Delhi
Phone,+919123705210,https://www.essentialoilbottle.in/essential-oil-bottle.html,www.essentialoilbottle.in,Dropper Bottles in Delhi
Phone,+919126357761,https://www.essentialoilbottle.in/essential-oil-bottle.html,www.essentialoilbottle.in,Dropper Bottles in Delhi
Phone,+91 91263 57667,https://www.essentialoilbottle.in/essential-oil-bottle.html,www.essentialoilbottle.in,Dropper Bottles in Delhi
Phone,+919126356773,https://www.essentialoilbottle.in/essential-oil-bottle.html,www.essentialoilbottle.in,Dropper Bottles in Delhi
Phone,+91 91238 09077,https://www.essentialoilbottle.in/essential-oil-bottle.html,www.essentialoilbottle.in,Dropper Bottles in Delhi
Phone,+91 91238 97337,https://www.essentialoilbottle.in/essential-oil-bottle.html,www.essentialoilbottle.in,Dropper Bottles in Delhi
Phone,+919126356555,https://www.essentialoilbottle.in/essential-oil-bottle.html,www.essentialoilbottle.in,Dropper Bottles in Delhi
Phone,+919126356481,https://www.essentialoilbottle.in/essential-oil-bottle.html,www.essentialoilbottle.in,Dropper Bottles in Delhi
Phone,+91 91274 69539,https://www.essentialoilbottle.in/essential-oil-bottle.html,www.essentialoilbottle.in,Dropper Bottles in Delhi
Phone,+91 91263 57648,https://www.essentialoilbottle.in/essential-oil-bottle.html,www.essentialoilbottle.in,Dropper Bottles in Delhi
Phone,+91 91239 87227,https://www.essentialoilbottle.in/essential-oil-bottle.html,www.essentialoilbottle.in,Dropper Bottles in Delhi
Phone,+919126357680,https://www.essentialoilbottle.in/essential-oil-bottle.html,www.essentialoilbottle.in,Dropper Bottles in Delhi
Phone,+919126357641,https://www.essentialoilbottle.in/essential-oil-bottle.html,www.essentialoilbottle.in,Dropper Bottles in Delhi
Phone,+91 91263 57036,https://www.essentialoilbottle.in/essential-oil-bottle.html,www.essentialoilbottle.in,Dropper Bottles in Delhi
Phone,+919123809081,https://www.essentialoilbottle.in/essential-oil-bottle.html,www.essentialoilbottle.in,Dropper Bottles in Delhi
Phone,+91 91238 09089,https://www.essentialoilbottle.in/essential-oil-bottle.html,www.essentialoilbottle.in,Dropper Bottles in Delhi
Phone,+91 91203 80387,https://www.essentialoilbottle.in/essential-oil-bottle.html,www.essentialoilbottle.in,Dropper Bottles in Delhi
Email,quot@ions.back,https://www.sunriseagency.co.in/glass-bottle-supplier-in-delhi.html,www.sunriseagency.co.in,Dropper Bottles in Delhi
Phone,+91 91285 11546,https://www.sunriseagency.co.in/glass-bottle-supplier-in-delhi.html,www.sunriseagency.co.in,Dropper Bottles in Delhi
Phone,+919128508310,https://www.sunriseagency.co.in/glass-bottle-supplier-in-delhi.html,www.sunriseagency.co.in,Dropper Bottles in Delhi
Phone,+91 91285 45218,https://www.sunriseagency.co.in/glass-bottle-supplier-in-delhi.html,www.sunriseagency.co.in,Dropper Bottles in Delhi
Phone,+91 91285 07618,https://www.sunriseagency.co.in/glass-bottle-supplier-in-delhi.html,www.sunriseagency.co.in,Dropper Bottles in Delhi
Phone,+91 91206 78427,https://www.sunriseagency.co.in/glass-bottle-supplier-in-delhi.html,www.sunriseagency.co.in,Dropper Bottles in Delhi
Phone,+919122501121,https://www.sunriseagency.co.in/glass-bottle-supplier-in-delhi.html,www.sunriseagency.co.in,Dropper Bottles in Delhi
Phone,+919122946563,https://www.sunriseagency.co.in/glass-bottle-supplier-in-delhi.html,www.sunriseagency.co.in,Dropper Bottles in Delhi
Phone,+919128513921,https://www.sunriseagency.co.in/glass-bottle-supplier-in-delhi.html,www.sunriseagency.co.in,Dropper Bottles in Delhi
Phone,+918048606480,https://www.sunriseagency.co.in/glass-bottle-supplier-in-delhi.html,www.sunriseagency.co.in,Dropper Bottles in Delhi
Phone,+919128557080,https://www.sunriseagency.co.in/glass-bottle-supplier-in-delhi.html,www.sunriseagency.co.in,Dropper Bottles in Delhi
Phone,+919122924085,https://www.sunriseagency.co.in/glass-bottle-supplier-in-delhi.html,www.sunriseagency.co.in,Dropper Bottles in Delhi
Phone,+91 91285 13919,https://www.sunriseagency.co.in/glass-bottle-supplier-in-delhi.html,www.sunriseagency.co.in,Dropper Bottles in Delhi
Phone,+919128513923,https://www.sunriseagency.co.in/glass-bottle-supplier-in-delhi.html,www.sunriseagency.co.in,Dropper Bottles in Delhi
Phone,+919128515184,https://www.sunriseagency.co.in/glass-bottle-supplier-in-delhi.html,www.sunriseagency.co.in,Dropper Bottles in Delhi
Phone,+919122504170,https://www.sunriseagency.co.in/glass-bottle-supplier-in-delhi.html,www.sunriseagency.co.in,Dropper Bottles in Delhi
Phone,+919122501132,https://www.sunriseagency.co.in/glass-bottle-supplier-in-delhi.html,www.sunriseagency.co.in,Dropper Bottles in Delhi
Phone,+91 91285 10339,https://www.sunriseagency.co.in/glass-bottle-supplier-in-delhi.html,www.sunriseagency.co.in,Dropper Bottles in Delhi
Phone,+91 91285 08886,https://www.sunriseagency.co.in/glass-bottle-supplier-in-delhi.html,www.sunriseagency.co.in,Dropper Bottles in Delhi
Phone,+919120678431,https://www.sunriseagency.co.in/glass-bottle-supplier-in-delhi.html,www.sunriseagency.co.in,Dropper Bottles in Delhi
Phone,+919122924344,https://www.sunriseagency.co.in/glass-bottle-supplier-in-delhi.html,www.sunriseagency.co.in,Dropper Bottles in Delhi
Phone,+91 91285 17218,https://www.sunriseagency.co.in/glass-bottle-supplier-in-delhi.html,www.sunriseagency.co.in,Dropper Bottles in Delhi
Phone,+91 91225 01116,https://www.sunriseagency.co.in/glass-bottle-supplier-in-delhi.html,www.sunriseagency.co.in,Dropper Bottles in Delhi
Phone,+919128539040,https://www.sunriseagency.co.in/glass-bottle-supplier-in-delhi.html,www.sunriseagency.co.in,Dropper Bottles in Delhi
Phone,+919128565633,https://www.sunriseagency.co.in/glass-bottle-supplier-in-delhi.html,www.sunriseagency.co.in,Dropper Bottles in Delhi
Phone,+919128542391,https://www.sunriseagency.co.in/glass-bottle-supplier-in-delhi.html,www.sunriseagency.co.in,Dropper Bottles in Delhi
Phone,+919128515182,https://www.sunriseagency.co.in/glass-bottle-supplier-in-delhi.html,www.sunriseagency.co.in,Dropper Bottles in Delhi
Phone,+919122518095,https://www.sunriseagency.co.in/glass-bottle-supplier-in-delhi.html,www.sunriseagency.co.in,Dropper Bottles in Delhi
Phone,+91 91224 97156,https://www.sunriseagency.co.in/glass-bottle-supplier-in-delhi.html,www.sunriseagency.co.in,Dropper Bottles in Delhi
Phone,+919128513080,https://www.sunriseagency.co.in/glass-bottle-supplier-in-delhi.html,www.sunriseagency.co.in,Dropper Bottles in Delhi
Phone,+919128508204,https://www.sunriseagency.co.in/glass-bottle-supplier-in-delhi.html,www.sunriseagency.co.in,Dropper Bottles in Delhi
Phone,+91 91285 13918,https://www.sunriseagency.co.in/glass-bottle-supplier-in-delhi.html,www.sunriseagency.co.in,Dropper Bottles in Delhi
Phone,+919128513122,https://www.sunriseagency.co.in/glass-bottle-supplier-in-delhi.html,www.sunriseagency.co.in,Dropper Bottles in Delhi
Phone,+919128515185,https://www.sunriseagency.co.in/glass-bottle-supplier-in-delhi.html,www.sunriseagency.co.in,Dropper Bottles in Delhi
